fold,n_samples,sharpe_base,sharpe_meta,improvement_pct,dir_accuracy,mean_return_base,std_return_base,mean_return_meta,std_return_meta,mean_meta_proba
1,800,1.6011652142007418,1.6862374558660729,5.313145758527904,0.51125,0.001128892709822217,0.011192234282535183,0.0007749934907592514,0.007295912104584397,0.5941692451154774
2,800,0.8679136803062685,0.9107146893401119,4.931482243572871,0.5225,0.0005729381133863687,0.010479280133821229,0.000330861565309348,0.00576718985942155,0.5423370904184618
3,800,1.257226620953641,1.3039775034120562,3.718572425944444,0.52875,0.0008549843093434983,0.010795551826619936,0.00048610104178574377,0.005917751488423127,0.4981478231562085
4,800,0.5436220577862738,0.4777864845743992,-12.110541187377278,0.5225,0.00047046449708177144,0.013738207000270132,0.00022992874574466062,0.007639407561483399,0.5372221580119283
5,800,0.905909533964519,0.9439245702114936,4.196339128986737,0.51,0.000746823758556831,0.013086803025609684,0.00042230921320200065,0.007102210429294178,0.5346423639925052
