fold,n_samples,sharpe_base,sharpe_meta,improvement_pct,dir_accuracy,mean_return_base,std_return_base,mean_return_meta,std_return_meta,mean_meta_proba
1,800,1.2391989944210118,1.249648031903663,0.8432090027262529,0.47,0.000761580225138643,0.009756069307090776,0.0004885386986985566,0.006205996582662437,0.6347285578013644
2,800,0.6377592834739226,0.6506740489547198,2.025021950358674,0.49375,0.00028908021135761695,0.007195514370589485,0.00019113847382671724,0.004663209192384256,0.6404249350728116
3,800,1.8377996006964277,1.8395340099291966,0.09437423058051841,0.50625,0.0008225203476532661,0.00710474946459758,0.0004829660433785421,0.004167820879324667,0.5857527221503597
4,800,0.80659253269623,0.8474593138424864,5.0665955224813874,0.51125,0.0006987588857256924,0.01375223917717351,0.00042099535142865177,0.0078860352453556,0.5569154905096927
5,800,0.6610636282139866,0.6648652638881593,0.5750786326641055,0.48375,0.00042789903376051574,0.010275389973886358,0.0002705133909556533,0.0064588529224336964,0.6281084517906489
