fold,sharpe_base,sharpe_uncalibrated,sharpe_calibrated,improvement_uncal_%,improvement_cal_%
1,1.2391989944210118,1.254650188013026,1.335885526935967,1.246869442404086,7.802341105040189
2,0.6377592834739226,0.6710461905429471,0.8032691725377683,5.219352807803634,25.951780452696973
3,1.8377996006964277,1.8348478192728264,1.8790144152370107,-0.16061497795966106,2.2426174499637908
4,0.80659253269623,0.8242722228799915,0.9764191805598433,2.1918985692395143,21.054825203492378
5,0.6610636282139866,0.6697712371854228,0.7964028444111187,1.3172119293511475,20.47294850614938
