fold,best_qlike,best_params,bias_delta,clip_low,clip_high,ewma_lambda,n_trials
1,-7.958091249928642,"{'num_leaves': 16, 'learning_rate': 0.025829452721437923, 'feature_fraction': 0.6533214613043278, 'bagging_fraction': 0.756661311252725, 'bagging_freq': 4, 'max_depth': 6, 'min_data_in_leaf': 23, 'lambda_l1': 0.1568411770746942, 'lambda_l2': 0.8700579446388702}",0.17937472721145437,15,94,0.9612258251578153,50
2,-8.640752046192755,"{'num_leaves': 25, 'learning_rate': 0.04657768081911907, 'feature_fraction': 0.8207795165647491, 'bagging_fraction': 0.6440949823522382, 'bagging_freq': 3, 'max_depth': 8, 'min_data_in_leaf': 33, 'lambda_l1': 0.9100400375907813, 'lambda_l2': 0.7854921674161198}",0.21653077876979027,10,90,0.9419827479922258,50
3,-8.70684172230974,"{'num_leaves': 18, 'learning_rate': 0.02938011520829779, 'feature_fraction': 0.8270493182857767, 'bagging_fraction': 0.7227216328872551, 'bagging_freq': 5, 'max_depth': 5, 'min_data_in_leaf': 39, 'lambda_l1': 0.5953585450812032, 'lambda_l2': 0.15880290240003236}",0.0052060808393515345,11,92,0.9431424205830332,50
4,-7.740399193497133,"{'num_leaves': 29, 'learning_rate': 0.034491967258844236, 'feature_fraction': 0.8479805191238144, 'bagging_fraction': 0.7966573695632148, 'bagging_freq': 7, 'max_depth': 7, 'min_data_in_leaf': 40, 'lambda_l1': 0.9279735083933864, 'lambda_l2': 0.6862353753898667}",-0.07213007494869833,9,95,0.9719050241304193,50
5,-8.217871610777253,"{'num_leaves': 21, 'learning_rate': 0.05448169420716146, 'feature_fraction': 0.6816891975082955, 'bagging_fraction': 0.7662825490943285, 'bagging_freq': 7, 'max_depth': 7, 'min_data_in_leaf': 42, 'lambda_l1': 0.5616787381338313, 'lambda_l2': 0.5397483268118256}",0.04390513340576652,5,95,0.9199927073392954,50
